Code,Occupation,Occupation Types,Job Titles
15-2011.00,Actuaries,"Research, Development, Design, and Practitioners","Actuarial Analyst, Actuarial Associate, Actuarial Consultant, Actuary, Consulting Actuary, Health Actuary, Pricing Actuary, Pricing Analyst, Product Development Actuary, Retirement Actuary"
29-1291.00,Acupuncturists,"Research, Development, Design, and Practitioners","Acupuncture Physician, Acupuncture Provider, Acupuncturist, Chinese Medical Doctor, Herbalist, Licensed Acupuncturist (LAC), Oriental Medicine Provider, Traditional Chinese Medicine Doctor, Traditional Chinese Medicine Practitioner"
29-1141.01,Acute Care Nurses,"Research, Development, Design, and Practitioners","Cardiac Interventional Care Nurse, Charge Nurse, Preceptor, Progressive Care Unit RN (Progressive Care Unit Registered Nurse), Staff Nurse"
29-1141.02,Advanced Practice Psychiatric Nurses,"Research, Development, Design, and Practitioners","Adult Psychiatric Mental Health Nurse Practitioner, Advanced Practice Nurse Psychotherapist (APN Psychotherapist), Advanced Practice Psychiatric Nurse, Nurse, Psychiatric Clinical Nurse Specialist, Psychiatric Mental Health Nurse (PMH Nurse)"
17-3021.00,Aerospace Engineering and Operations Technologists and Technicians,Technologists and Technicians,"Avionics Installation Technician, Avionics Technician, Avionics Test Technician, Engineering Technician, Engineering Test Technician, Flight Test Instrument Technician, Instrumentation Technician, Systems Test Technician, Test Technician"
17-2011.00,Aerospace Engineers,"Research, Development, Design, and Practitioners","Aeronautical Engineer, Aerospace Engineer, Aerospace Stress Engineer, Avionics Engineer, Design Engineer, Flight Controls Engineer, Flight Test Engineer, Structural Analysis Engineer, Systems Engineer, Test Engineer"
17-2021.00,Agricultural Engineers,"Research, Development, Design, and Practitioners","Agricultural Engineer, Agricultural Systems Specialist, Conservation Engineer, Engineer, Product Engineer, Product Technology Scientist, Project Engineer, Research Agricultural Engineer"
25-1041.00,"Agricultural Sciences Teachers, Postsecondary",Postsecondary Teaching,"Agriculture Instructor, Agriculture Professor, Agronomy Professor, Animal Science Professor, Associate Professor, Horticulture Instructor, Horticulture Professor, Instructor, Plant Science Professor, Professor"
19-4012.00,Agricultural Technicians,Technologists and Technicians,"Agricultural Research Technician, Agricultural Research Technologist, Agricultural Technician, Laboratory Technician (Lab Tech), Research Assistant, Research Associate, Research Specialist, Research Technician, Seed Analyst"
29-1229.01,Allergists and Immunologists,"Research, Development, Design, and Practitioners","Allergist, Allergist/Pediatric Pulmonologist, Allergy and Immunology Specialist, Allergy Physician, MD (Medical Doctor), Physician"
29-1071.01,Anesthesiologist Assistants,"Research, Development, Design, and Practitioners","Anesthesia Assistant, Anesthesia Technician, Anesthesiologist Assistant, Anesthesiologists' Assistant, Cardiothoracic Anesthesia Technician, Certified Anesthesia Technician, Certified Anesthesiologist Assistant"
29-1211.00,Anesthesiologists,"Research, Development, Design, and Practitioners","Anesthesiologist, Medical Doctor (MD), Obstetrical Anesthesiologist, Staff Anesthesiologist, Staff Anesthetist"
19-1011.00,Animal Scientists,"Research, Development, Design, and Practitioners","Animal Nutrition Consultant, Animal Nutritionist, Animal Scientist, Beef Cattle Specialist, Dairy Nutrition Consultant, Research Scientist"
19-3091.00,Anthropologists and Archeologists,"Research, Development, Design, and Practitioners","American Indian Policy Specialist, Applied Anthropologist, Applied Cultural Anthropologist, Archaeologist, Curator, Forensic Anthropologist, Research Anthropologist, Research Archaeologist"
25-1061.00,"Anthropology and Archeology Teachers, Postsecondary",Postsecondary Teaching,"Adjunct Instructor, Anthropology Instructor, Anthropology Professor, Archaeology Professor, Assistant Professor, Associate Professor, Cultural Anthropology Professor, Instructor, Lecturer, Professor"
17-1011.00,"Architects, Except Landscape and Naval","Research, Development, Design, and Practitioners","Architect, Design Architect, Planner, Project Architect, Specifications Writer"
17-3011.00,Architectural and Civil Drafters,Technologists and Technicians,"Architectural Designer, Architectural Drafter, Architectural Draftsman, Civil Drafter, Computer-Aided Design Designer (CAD Designer), Computer-Aided Drafting and Design Drafter (CADD Drafter), Computer-Aided Drafting Designer (CAD Designer), Drafting Technician, Draftsman, Draftsperson"
11-9041.00,Architectural and Engineering Managers,Managerial,"Civil Engineering Manager, Electrical Engineering Manager, Engineering Director, Engineering Group Manager, Engineering Program Manager, Mechanical Engineering Manager, Process Engineering Manager, Project Engineering Manager, Project Manager"
25-1031.00,"Architecture Teachers, Postsecondary",Postsecondary Teaching,"Adjunct Instructor, Adjunct Professor, Architecture Professor, Assistant Professor, Associate Professor, Faculty Member, Instructor, Interior Design Professor, Lecturer, Professor"
25-1062.00,"Area, Ethnic, and Cultural Studies Teachers, Postsecondary",Postsecondary Teaching,"Adjunct Professor, American Studies Professor, Assistant Professor, Associate Professor, Black Studies Professor, Ethnic Studies Professor, Humanities Professor, Lecturer, Professor, Women's Studies Professor"
29-1129.01,Art Therapists,"Research, Development, Design, and Practitioners","Art Psychotherapist, Art Therapist, Board Certified Art Therapist (ATR-BC), Creative Arts Therapist, Group Therapist, Oncology Art Therapist, Registered Art Therapist (ATR), Therapist"
19-2011.00,Astronomers,"Research, Development, Design, and Practitioners","Astronomer, Astrophysicist, Data Scientist, Research Scientist, Scientist"
29-9091.00,Athletic Trainers,"Research, Development, Design, and Practitioners","Athletic Instructor, Athletic Lecturer, Athletic Trainer, Certified Athletic Trainer, Personal Trainer, Resident Athletic Trainer, Women's Athletic Trainer"
19-2021.00,Atmospheric and Space Scientists,"Research, Development, Design, and Practitioners","Broadcast Meteorologist, Forecaster, Forensic Meteorologist, General Forecaster, Hydrometeorological Technician, Meteorologist, Research Meteorologist, Space Weather Forecaster, Warning Coordination Meteorologist, Weather Forecaster"
25-1051.00,"Atmospheric, Earth, Marine, and Space Sciences Teachers, Postsecondary",Postsecondary Teaching,"Assistant Professor, Associate Professor, Astronomy Professor, Atmospheric Sciences Professor, Geology Professor, Instructor, Meteorology Professor, Oceanography Professor, Professor, Research Professor"
29-1181.00,Audiologists,"Research, Development, Design, and Practitioners","Audiologist, Audiology Doctor (AUD), Certificate of Clinical Competence in Audiology Licensed Audiologist (CCC-A Licensed Audiologist), Clinical Audiologist, Dispensing Audiologist, Educational Audiologist, Forensic Audiologist, Industrial Audiologist, Pediatric Audiologist, Staff Audiologist"
17-3027.01,Automotive Engineering Technicians,Technologists and Technicians,"Laboratory Technician (Lab Technician), Research Technician"
17-2141.02,Automotive Engineers,"Research, Development, Design, and Practitioners","Dimensional Integration Engineer, Engineer, Product Engineer, Project Engineer"
19-1021.00,Biochemists and Biophysicists,"Research, Development, Design, and Practitioners","Analytical Research Chemist, Biochemist, Biophysics Researcher, Scientist"
17-2031.00,Bioengineers and Biomedical Engineers,"Research, Development, Design, and Practitioners","Biomedical Electronics Technician, Biomedical Engineer, Biomedical Engineering Technician, Biomedical Equipment Technician (BMET), Biomedical Technician, Engineer, Process Engineer, Research Engineer, Research Scientist"
11-9041.01,Biofuels/Biodiesel Technology and Product Development Managers,Managerial,"Analytical Research Program Manager, Biodiesel Division Manager, Biofuels Manager, Business Development and New Technology Manager, Laboratory Manager (Lab Manager), Project Development Director"
19-1029.01,Bioinformatics Scientists,"Research, Development, Design, and Practitioners","Bioinformaticist, Bioinformatics Scientist, Research Associate, Research Scientist, Scientific Database Curator, Scientist"
15-2099.01,Bioinformatics Technicians,"Research, Development, Design, and Practitioners; Technologists and Technicians","Bioinformatics Analyst, Bioinformatics Specialist, Bioinformatics Technician, Biotechnician, Museum Informatics Specialist, Research Scientist, Scientific Informatics Analyst"
25-1042.00,"Biological Science Teachers, Postsecondary",Postsecondary Teaching,"Anatomy Instructor, Assistant Professor, Associate Professor, Biological Sciences Professor, Biology Instructor, Biology Professor, Instructor, Lecturer, Physiology Instructor, Professor"
19-1029.00,"Biological Scientists, All Other","Research, Development, Design, and Practitioners",
19-4021.00,Biological Technicians,Technologists and Technicians,"Biological Science Laboratory Technician (Biological Science Lab Tech), Biological Science Technician, Biological Technician, Laboratory Technician, Marine Fisheries Technician, Research Assistant, Research Associate, Research Specialist, Research Technician, Wildlife Biology Technician"
19-1029.04,Biologists,"Research, Development, Design, and Practitioners","Aquatic Biologist, Aquatic Scientist, Biological Scientist, Biologist, Botanist, Horticulturist, Marine Biologist, Research Biologist, Research Scientist, Scientist"
15-2041.01,Biostatisticians,"Research, Development, Design, and Practitioners","Biometrician, Biostatistical Consultant, Biostatistician, Research Scientist, Statistical Scientist"
15-1299.07,Blockchain Engineers,"Research, Development, Design, and Practitioners; Technologists and Technicians",This title represents an occupation for which data collection is currently underway.
15-2051.01,Business Intelligence Analysts,"Research, Development, Design, and Practitioners","Business Intelligence Analyst, Competitive Intelligence Analyst, Data Analyst, Intelligence Analyst, Market Intelligence Analyst, Market Intelligence Consultant, Strategic Business and Technology Intelligence Consultant, Strategist"
17-3028.00,Calibration Technologists and Technicians,Technologists and Technicians,This title represents an occupation for which data collection is currently underway.
29-1212.00,Cardiologists,"Research, Development, Design, and Practitioners",This title represents an occupation for which data collection is currently underway.
29-2031.00,Cardiovascular Technologists and Technicians,Technologists and Technicians,"Cardiac Catheterization Laboratory Technologist, Cardiac Catheterization Technician, Cardiac Technician, Cardiology Technician, Cardiopulmonary Technician, Cardiovascular Technician, Cardiovascular Technologist (CVT), Electrocardiogram Technician (EKG Tech), Registered Cardiovascular Invasive Specialist (RCIS)"
17-1021.00,Cartographers and Photogrammetrists,Technologists and Technicians,"Aerial Photogrammetrist, Cartographer, Cartographic Designer, Digital Cartographer, Mapper, Photogrammetric Technician, Photogrammetrist, Stereo Compiler, Stereoplotter Operator"
17-2041.00,Chemical Engineers,"Research, Development, Design, and Practitioners","Chemical Engineer, Development Engineer, Engineer, Engineering Scientist, Process Control Engineer, Process Engineer, Project Engineer, Refinery Process Engineer, Research Chemical Engineer, Scientist"
19-4031.00,Chemical Technicians,Technologists and Technicians,"Analytical Laboratory Technician (Analytical Lab Technician), Chemical Analyst, Chemical Technician, Laboratory Analyst (Lab Analyst), Laboratory Technician (Lab Tech), Laboratory Tester (Lab Tester), Organic Preparation Analyst (Organic Prep Analyst), Quality Control Laboratory Technician (QC Lab Tech), Quality Control Technician (QC Tech), Research Technician"
25-1052.00,"Chemistry Teachers, Postsecondary",Postsecondary Teaching,"Assistant Professor, Associate Professor, Biochemistry Professor, Chemistry Faculty Member, Chemistry Instructor, Chemistry Professor, Instructor, Lecturer, Organic Chemistry Professor, Professor"
19-2031.00,Chemists,"Research, Development, Design, and Practitioners","Air Quality Chemist, Analytical Chemist, Chemical Laboratory Scientist, Chemist, Forensic Chemist, Forensic Scientist, Quality Control Chemist (QC Chemist), Research Chemist, Scientist"
29-1011.00,Chiropractors,"Research, Development, Design, and Practitioners","Chiropractic Doctor (DC), Chiropractic Neurologist, Chiropractic Physician, Chiropractor"
17-3022.00,Civil Engineering Technologists and Technicians,Technologists and Technicians,"Civil Designer, Civil Engineering Assistant, Civil Engineering Technician, Design Technician, Engineer Technician, Engineering Assistant, Engineering Technician, Transportation Engineering Technician"
17-2051.00,Civil Engineers,"Research, Development, Design, and Practitioners","City Engineer, Civil Engineer, County Engineer, Design Engineer, Engineer, Geotechnical Engineer, Licensed Engineer, Project Engineer, Railroad Design Consultant, Structural Engineer"
19-2041.01,Climate Change Policy Analysts,"Research, Development, Design, and Practitioners","Climate Advisor, Climate Analyst, Climate and Energy Program Associate, Climate Economist, Environmental Policy Analyst, Policy Analyst, Policy Associate, Policy Research Associate, Regional Science Advisor"
19-3033.00,Clinical and Counseling Psychologists,"Research, Development, Design, and Practitioners","Applied Behavior Science Specialist (ABSS), Child Psychologist, Clinical Psychologist, Clinical Therapist, Counseling Psychologist, Licensed Clinical Psychologist, Licensed Professional Counselor (LPC), Pediatric Psychologist, Psychologist, Psychotherapist"
15-2051.02,Clinical Data Managers,"Research, Development, Design, and Practitioners","Clinical Data Management Director (CDM Director), Clinical Data Management Manager (CDM Manager), Clinical Data Manager, Clinical Informatics Manager, Data Deliverables Manager, Data Management Manager"
19-3039.03,Clinical Neuropsychologists,"Research, Development, Design, and Practitioners","Aviation Neuropsychologist, Clinical Neuropsychologist, Neuropsychologist, Neuropsychology Medical Consultant, Pediatric Neuropsychologist, Staff Psychologist"
29-1141.04,Clinical Nurse Specialists,"Research, Development, Design, and Practitioners","Cardiology Clinical Nurse Specialist, Clinical Nurse Specialist, Critical Care Clinical Nurse Specialist, Emergency Clinical Nurse Specialist, ICU Clinical Nurse Specialist (Intensive Care Unit Clinical Nurse Specialist), Neuroscience Clinical Nurse Specialist, Pediatric Clinical Nurse Specialist, Psychiatric Adult Clinical Nurse Specialist, Trauma ICU Clinical Nurse Specialist (Trauma Intensive Care Unit Clinical Nurse Specialist)"
11-9121.01,Clinical Research Coordinators,Managerial,"Clinical Coordinator, Clinical Program Coordinator, Clinical Program Manager, Clinical Research Administrator, Clinical Research Coordinator, Clinical Research Manager, Clinical Research Nurse Coordinator, Clinical Trial Coordinator, Clinical Trial Manager, Research Coordinator"
15-1221.00,Computer and Information Research Scientists,"Research, Development, Design, and Practitioners","Computer Scientist, Computer Specialist, Control System Computer Scientist, Research Scientist, Scientific Programmer Analyst"
11-3021.00,Computer and Information Systems Managers,Managerial,"Application Development Director, Computing Services Director, Data Processing Manager, Information Systems Director (IS Director), Information Systems Manager (IS Manager), Information Systems Supervisor (IS Supervisor), Information Technology Director (IT Director), Information Technology Manager (IT Manager), MIS Director (Management Information Systems Director), Technical Services Manager"
17-2061.00,Computer Hardware Engineers,"Research, Development, Design, and Practitioners","Design Engineer, Engineer, Field Service Engineer, Hardware Design Engineer, Hardware Engineer, Physical Design Engineer, Project Engineer, Staff Engineer, Systems Integration Engineer"
15-1241.00,Computer Network Architects,"Research, Development, Design, and Practitioners","Design Engineer, Network Analyst, Network and Security Engineer, Network Consultant, Network Systems Consultant, Networking Systems and Distributed Systems Engineer, Solutions Architect, Telecommunications Analyst"
15-1231.00,Computer Network Support Specialists,Technologists and Technicians,"Computer Network Specialist, IT Consultant (Information Technology Consultant), Network Specialist, Network Support Specialist, Network Technical Analyst, Network Technician, Personal Computer Network Analyst, Systems Specialist"
15-1299.00,"Computer Occupations, All Other","Research, Development, Design, and Practitioners; Technologists and Technicians",
15-1251.00,Computer Programmers,"Research, Development, Design, and Practitioners","Analyst Programmer, Application Programmer Analyst, Computer Programmer, Computer Programmer Analyst, Internet Programmer, Java Developer, Programmer, Programmer Analyst, Web Applications Programmer, Web Programmer"
25-1021.00,"Computer Science Teachers, Postsecondary",Postsecondary Teaching,"Assistant Professor, Associate Professor, Computer Information Systems Instructor (CIS Instructor), Computer Science Instructor, Computer Science Professor, Faculty Member, Information Technology Instructor (IT Instructor), Instructor, Lecturer, Professor"
15-1211.00,Computer Systems Analysts,"Research, Development, Design, and Practitioners","Applications Analyst, Business Systems Analyst, Computer Analyst, Computer Systems Analyst, Computer Systems Consultant, Information Systems Analyst (ISA), Information Technology Analyst (IT Analyst), System Analyst, Systems Analyst"
15-1299.08,Computer Systems Engineers/Architects,"Research, Development, Design, and Practitioners; Technologists and Technicians","Electronic Data Interchange System Developer (EDI System Developer), Information Technology Architect (IT Architect), Network and Infrastructure Engineer, Network Engineer, Solutions Architect, Systems Architect, Systems Consultant, Systems Engineer"
15-1232.00,Computer User Support Specialists,Technologists and Technicians,"Computer Specialist, Computer Support Specialist, Computer Technician, Desktop Support Technician, Help Desk Analyst, Help Desk Technician, Information Technology Specialist (IT Specialist), Support Specialist, Technical Support Specialist"
19-1031.00,Conservation Scientists,"Research, Development, Design, and Practitioners","Conservationist, Environmental Analyst, Erosion Control Specialist, Land Manager, Land Reclamation Specialist, Land Resource Specialist, Resource Conservation Specialist, Resource Conservationist, Soil Conservationist"
29-1141.03,Critical Care Nurses,"Research, Development, Design, and Practitioners","Certified Critical Care Nurse, Critical Care Nurse Practitioner, Critical Care Registered Nurse (CCRN), ICU Critical Care NP (Intensive Care Unit Critical Care Nurse Practitioner), ICU Nurse (Intensive Care Unit Nurse), Intensive Care Unit Registered Nurse (ICU RN), Newborn ICU RN (Newborn Intensive Care Unit Registered Nurse), Nurse, Pediatric Critical Care Nurse Practitioner, Staff Nurse"
29-2011.01,Cytogenetic Technologists,Technologists and Technicians,"Certified Cytogenetic Technologist, Clinical Cytogeneticist Scientist (CCS), Cytogenetic Technologist, Cytogenetics Clinical Laboratory Specialist (CG CLSp), Cytogenetics Technical Specialist, Cytogenetics Technologist, Molecular Genetics Technologist"
29-2011.02,Cytotechnologists,Technologists and Technicians,"Cytologist, Cytology Applications Specialist, Cytology Coordinator, Cytology Technical Specialist, Cytotechnologist"
15-2051.00,Data Scientists,"Research, Development, Design, and Practitioners","Also see: Business Intelligence Analysts, Clinical Data Managers"
15-1243.01,Data Warehousing Specialists,"Research, Development, Design, and Practitioners","Data Warehouse Analyst, Data Warehouse Solution Architect"
15-1242.00,Database Administrators,"Research, Development, Design, and Practitioners","Database Administration Manager, Database Administrator (DBA), Database Analyst, Database Coordinator, Information Systems Manager, System Administrator"
15-1243.00,Database Architects,"Research, Development, Design, and Practitioners","Data Officer, Database Analyst, Database Architect, Database Consultant, Database Developer, Database Programmer, Information Architect, Information Modeling Engineer Specialist, Information Technology Architect (IT Architect), System Engineer"
29-1292.00,Dental Hygienists,"Research, Development, Design, and Practitioners","Dental Hygienist, Hygienist, Licensed Dental Hygienist, Pediatric Dental Hygienist, Registered Dental Hygienist (RDH)"
29-1029.00,"Dentists, All Other Specialists","Research, Development, Design, and Practitioners",
29-1021.00,"Dentists, General","Research, Development, Design, and Practitioners","Dental Surgery Doctor (DDS), Dentist, Doctor of Dental Medicine (DMD), Doctor of Dental Surgery (DDS), Family Dentist, General Dentist, Pediatric Dentist"
29-1213.00,Dermatologists,"Research, Development, Design, and Practitioners","Board Certified Dermatologist, Dermatologist MD (Dermatologist Medical Doctor), Dermatologist Physician, Dermatopathologist, Doctor, MD (Medical Doctor), Mohs Micrographic Surgeon, Mohs Surgeon, Pediatric Dermatologist, Practicing Dermatologist"
29-2032.00,Diagnostic Medical Sonographers,Technologists and Technicians,"Cardiac Sonographer, Diagnostic Medical Sonographer, Medical Sonographer, Registered Diagnostic Medical Sonographer (RDMS), Sonographer, Staff Sonographer, Ultrasonographer, Ultrasound Technician (Ultrasound Tech), Ultrasound Technologist (Ultrasound Tech)"
29-2051.00,Dietetic Technicians,Technologists and Technicians,"Cook Chill Technician (CCT), Diet Assistant, Diet Clerk, Diet Tech (Diet Technician), Diet Tech (Dietetic Technician), Diet Technician Registered (DTR), Dietary Aide, Dietetic Assistant, Dietetic Technician Registered (DTR), Nutrition Technician"
29-1031.00,Dietitians and Nutritionists,"Research, Development, Design, and Practitioners","Clinical Dietician, Clinical Dietitian, Clinical Nutritionist, Dietitian, Nutritionist, Oncology Dietitian, Outpatient Dietitian, Registered Dietician, Registered Dietitian, Renal Dietitian"
15-1299.06,Digital Forensics Analysts,"Research, Development, Design, and Practitioners; Technologists and Technicians",This title represents an occupation for which data collection is currently underway.
15-1299.03,Document Management Specialists,"Research, Development, Design, and Practitioners; Technologists and Technicians","Business Records Manager, Certified Document Imaging Architect, Document Control Manager, Document Management Consultant, ECM Consultant (Enterprise Content Management Consultant), Electronic Content Manager, Record Systems Analyst, Records and Information Management Consultant (RIM Consultant), Records and Information Management Specialist (RIM Specialist), Records Manager"
17-3019.00,"Drafters, All Other",Technologists and Technicians,
25-1063.00,"Economics Teachers, Postsecondary",Postsecondary Teaching,"Adjunct Professor, Assistant Professor, Associate Professor, Economics Instructor, Economics Lecturer, Economics Professor, Finance Professor, Instructor, Lecturer, Professor"
19-3011.00,Economists,"Research, Development, Design, and Practitioners","Economic Analyst, Economic Consultant, Economic Development Specialist, Economist, Forensic Economist, Project Economist, Research Analyst, Research Associate, Revenue Research Analyst, Tax Economist"
17-3023.00,Electrical and Electronic Engineering Technologists and Technicians,Technologists and Technicians,"Communications Technologist, Electrical Engineering Technician, Electrical Technician, Electronics Engineering Technician, Electronics Technician, Engineering Technician (Engineering Tech), Engineering Technologist, System Technologist, Technologist"
17-3012.00,Electrical and Electronics Drafters,Technologists and Technicians,"CAD Operator (Computer Aided Design Operator), Design Drafter, Designer, Drafter, Electrical Designer, Electrical Drafter, Layout Designer, Line Staker, Mask Designer, Staking Engineer"
17-2071.00,Electrical Engineers,"Research, Development, Design, and Practitioners","Circuits Engineer, Design Engineer, Electrical Controls Engineer, Electrical Design Engineer, Electrical Engineer, Electrical Project Engineer, Instrumentation and Electrical Reliability Engineer (I&E Reliability Engineer), Power Systems Engineer, Project Engineer, Test Engineer"
17-3024.00,Electro-Mechanical and Mechatronics Technologists and Technicians,Technologists and Technicians,"Designer, Electro-Mechanic, Electro-Mechanical Technician (E/M Technician), Electronic Technician, Engineering Specialist, Engineering Technician, Maintenance Technician, Mechanical Technician, Process Control Tech, Product Test Specialist"
17-2072.00,"Electronics Engineers, Except Computer","Research, Development, Design, and Practitioners","Design Engineer, Electronics Design Engineer, Evaluation Engineer, Integrated Circuit Design Engineer (IC Design Engineer), Product Engineer, Radio Frequency Engineer (RF Engineer), Research and Development Engineer (R and D Engineer), Test Engineer"
29-2042.00,Emergency Medical Technicians,Technologists and Technicians,"Emergency Medical Technician (EMT), First Responder"
29-1214.00,Emergency Medicine Physicians,"Research, Development, Design, and Practitioners",This title represents an occupation for which data collection is currently underway.
17-2199.03,"Energy Engineers, Except Wind and Solar","Research, Development, Design, and Practitioners","Energy Efficiency Engineer, Energy Engineer, Industrial Energy Engineer, Measurement And Verification Engineer, Test and Balance Engineer"
25-1032.00,"Engineering Teachers, Postsecondary",Postsecondary Teaching,"Assistant Professor, Associate Professor, Chemical Engineering Professor, Electrical Engineering Professor, Engineering Instructor, Engineering Professor, Environmental Engineering Professor, Instructor, Mechanical Engineering Professor, Professor"
17-3029.00,"Engineering Technologists and Technicians, Except Drafters, All Other",Technologists and Technicians,
17-2199.00,"Engineers, All Other","Research, Development, Design, and Practitioners",
19-3011.01,Environmental Economists,"Research, Development, Design, and Practitioners","Economist, Environmental Economist, Natural Resource Economist, Research Economist, Resource Economist"
17-3025.00,Environmental Engineering Technologists and Technicians,Technologists and Technicians,"Air Quality Instrument Specialist, Engineer Technician, Environmental Engineering Assistant, Environmental Engineering Technician, Environmental Field Technician, Environmental Technician, Haz Tech (Hazardous Technician)"
17-2081.00,Environmental Engineers,"Research, Development, Design, and Practitioners","Air Pollution Control Engineer, Engineer, Engineering Consultant, Environmental Engineer, Environmental Remediation Specialist, Hazardous Substances Engineer, Sanitary Engineer"
19-2041.02,Environmental Restoration Planners,"Research, Development, Design, and Practitioners","Coastal and Estuary Specialist, Fisheries Habitat Restoration Specialist, Habitat Restoration Specialist, Marine Habitat Resources Specialist, Restoration Ecologist, Restoration Specialist, Watershed Coordinator"
19-4042.00,"Environmental Science and Protection Technicians, Including Health",Technologists and Technicians,"Environmental Technician, Laboratory Technician, Public Health Sanitarian, Sanitarian, Water Quality Analyst, Water Quality Specialist"
25-1053.00,"Environmental Science Teachers, Postsecondary",Postsecondary Teaching,"Adjunct Professor, Assistant Professor, Associate Professor, Environmental Engineering Professor, Environmental Sciences Professor, Environmental Studies Professor, Faculty Member, Instructor, Lecturer, Professor"
19-2041.00,"Environmental Scientists and Specialists, Including Health","Research, Development, Design, and Practitioners","Environmental Analyst, Environmental Health and Safety Specialist, Environmental Programs Specialist, Environmental Protection Specialist, Environmental Scientist, Environmental Specialist, Hazardous Substances Scientist, Registered Environmental Health Specialist (REHS), Research Environmental Scientist"
19-1041.00,Epidemiologists,"Research, Development, Design, and Practitioners","Chronic Disease Epidemiologist, Communicable Disease Specialist, Environmental Epidemiologist, Epidemiologist, Epidemiology Investigator, Infection Control Practitioner (ICP), Nurse Epidemiologist, Public Health Epidemiologist, Research Epidemiologist, State Epidemiologist"
29-1128.00,Exercise Physiologists,"Research, Development, Design, and Practitioners","Bariatric Weight Loss Counselor, Certified Exercise Physiologist (EPC), Clinical Exercise Physiologist, Clinical Exercise Specialist, Exercise Physiologist, Exercise Scientist, Exercise Specialist, Lifestyle and Weight Management Consultant"
29-1215.00,Family Medicine Physicians,"Research, Development, Design, and Practitioners","Board Certified Family Physician, Family Medicine Physician, Family Physician, Family Practice Medical Doctor (FP MD), Family Practice Physician (FP Physician), Family Practitioner, Medical Doctor (MD), Medical Staff Physician, Physician, Primary Care Physician"
17-2111.02,Fire-Prevention and Protection Engineers,"Research, Development, Design, and Practitioners","Consulting Engineer, Engineer, Fire Protection Consultant, Fire Protection Engineer (FP Engineer), Licensed Fire Protection Engineer"
19-4013.00,Food Science Technicians,Technologists and Technicians,"Central Lab Technician (CLT), Food Science Technician, Laboratory Assistant (Lab Assistant), Quality Analyst, Quality Assurance Analyst (QA Analyst), Quality Control Technician (QC Technician), Quality Technician"
19-1012.00,Food Scientists and Technologists,"Research, Development, Design, and Practitioners","Food and Drug Research Scientist, Food Chemist, Food Engineer, Food Scientist, Food Technologist, Formulator, Product Development Scientist, Research Chef, Research Food Technologist, Research Scientist"
19-4092.00,Forensic Science Technicians,Technologists and Technicians,"Crime Laboratory Analyst, Crime Scene Analyst, Crime Scene Technician (Crime Scene Tech), CSI (Crime Scene Investigator), Evidence Technician, Forensic Science Examiner, Forensic Scientist, Forensic Specialist, Latent Fingerprint Examiner, Latent Print Examiner"
19-4071.00,Forest and Conservation Technicians,Technologists and Technicians,"Biological Science Aide, Forest Technician, Forestry Aide, Forestry Technician, Resource Technician, Timber Appraiser"
19-1032.00,Foresters,"Research, Development, Design, and Practitioners","Area Forester, Environmental Protection Forester, Fire Prevention Forester, Forest Practices Field Coordinator, Forester, Regional Forester, Resource Forester, Silviculturist, Unit Forester, Urban Forester"
25-1043.00,"Forestry and Conservation Science Teachers, Postsecondary",Postsecondary Teaching,"Assistant Professor, Associate Professor, Conservation Biology Professor, Extension Professor, Forest Technology Professor, Forestry Professor, Lecturer, Natural Resources Professor, Professor, Research Professor"
17-2141.01,Fuel Cell Engineers,"Research, Development, Design, and Practitioners","Engineer, Research Engineer, Stack Engineer"
29-1216.00,General Internal Medicine Physicians,"Research, Development, Design, and Practitioners","Doctor, Gastroenterologist, General Internal Medicine Physician, General Internist, Internal Medicine Doctor, Internal Medicine Physician (IM Physician), Internist, Medical Doctor (MD), Physician, Primary Care Physician"
29-9092.00,Genetic Counselors,"Research, Development, Design, and Practitioners","Certified Genetic Counselor, Genetic Counselor, Medical Science Liaison, Prenatal and Pediatric Genetic Counselor, Reproductive Genetic Counseling Coordinator"
19-1029.03,Geneticists,"Research, Development, Design, and Practitioners","Cardiovascular Geneticist, Medical Geneticist, Research Scientist, Scientist"
17-1022.01,Geodetic Surveyors,Technologists and Technicians,"Geodesist, Geodetic Advisor, Geodetic Survey Director, Geodetic Surveyor, Licensed Land Surveyor, Regional Geodetic Advisor"
19-3092.00,Geographers,"Research, Development, Design, and Practitioners","Earth Observations Scientist, Geographer, GIS Geographer (Geographic Information Systems Geographer), GIS Physical Scientist (Geographic Information Systems Physical Scientist), Scientist"
15-1299.02,Geographic Information Systems Technologists and Technicians,"Research, Development, Design, and Practitioners; Technologists and Technicians","Geographic Information System Analyst (GIS Analyst), Geographic Information Systems Administrator (GIS Administrator), Geographic Information Systems Analyst (GIS Analyst), Geographic Information Systems Coordinator (GIS Coordinator), GIS Specialist (Geographic Information Systems Specialist), GIS Technician (Geographic Information Systems Technician), Resource Analyst"
25-1064.00,"Geography Teachers, Postsecondary",Postsecondary Teaching,"Assistant Professor, Associate Professor, Geography Instructor, Geography Professor, Human Geography Instructor, Human Geography Professor, Instructor, Lecturer, Physical Geography Professor, Professor"
19-4043.00,"Geological Technicians, Except Hydrologic Technicians",Technologists and Technicians,"Core Inspector, Environmental Field Services Technician, Environmental Sampling Technician, Geological E-Logger, Geological Technician, Geoscience Technician, Geotechnician, Materials Technician, Physical Science Technician, Soils Technician"
19-2042.00,"Geoscientists, Except Hydrologists and Geographers","Research, Development, Design, and Practitioners","Engineering Geologist, Environmental Protection Geologist, Exploration Geologist, Geological Specialist, Geologist, Geophysicist, Geoscientist, Hydrogeologist, Mine Geologist, Project Geologist"
17-2111.00,"Health and Safety Engineers, Except Mining Safety Engineers and Inspectors","Research, Development, Design, and Practitioners","Health and Safety Specialist, Industrial Hygienist, Industrial Safety Engineer, Product Safety and Standards Engineer, Product Safety Consultant, Product Safety Engineer, Safety and Health Consultant, Safety Engineer, Service Loss Control Consultant, System Safety Engineer"
15-1211.01,Health Informatics Specialists,"Research, Development, Design, and Practitioners","Clinical Informatics Analyst, Clinical Informatics Nurse, Clinical Informatics Specialist, Clinical Informatics Systems Analyst, Digital Diabetes Research Officer, Nursing Informatics Officer, Nursing Informatics Specialist, Nursing Information Systems Coordinator, Registered Nurse Clinical Information Systems Coordinator (RN Clinical Information Systems Coordinator), Registered Nurse Clinical Information Systems Educator (RN Clinical Information Systems Educator)"
29-9021.00,Health Information Technologists and Medical Registrars,"Research, Development, Design, and Practitioners; Technologists and Technicians","Medical Records Analyst, Medical Records Director"
25-1071.00,"Health Specialties Teachers, Postsecondary",Postsecondary Teaching,"Assistant Professor, Associate Professor, Clinical Professor, Instructor, Lecturer, Occupational Therapy Professor, Pharmacology Professor, Physical Therapy Professor, Professor, Public Health Professor"
29-2099.00,"Health Technologists and Technicians, All Other",Technologists and Technicians,
29-1299.00,"Healthcare Diagnosing or Treating Practitioners, All Other","Research, Development, Design, and Practitioners",
29-9099.00,"Healthcare Practitioners and Technical Workers, All Other","Research, Development, Design, and Practitioners; Technologists and Technicians","""All Other"" titles represent occupations with a wide range of characteristics which do not fit into one of the detailed O*NET-SOC occupations. O*NET data is not available for this type of title.  For more detailed occupations under this title, see below."
29-2092.00,Hearing Aid Specialists,Technologists and Technicians,"Audioprosthologist, Hearing Aid Consultant, Hearing Aid Specialist, Hearing Care Practitioner, Hearing Care Specialist, Hearing Instrument Dispenser, Hearing Instrument Specialist (HIS), Hearing Specialist, Licensed Hearing Instrument Specialist (Licensed HIS), National Board Certified Hearing Instrument Specialist (National Board Certified HIS)"
29-2012.01,Histology Technicians,Technologists and Technicians,"Histologic Technician, Histology Technician"
29-2011.04,Histotechnologists,Technologists and Technicians,"Charge Histotechnologist, Clinical Laboratory Manager, Histology Specialist, Histology Technologist, Histotechnologist"
29-1229.02,Hospitalists,"Research, Development, Design, and Practitioners","Academic Hospitalist, Consultant Physician, Hospitalist, Hospitalist Medical Doctor (Hospitalist MD), MD (Medical Doctor), Physician"
17-2112.01,Human Factors Engineers and Ergonomists,"Research, Development, Design, and Practitioners","Certified Professional Ergonomist, Cognitive Engineer, Consulting Ergonomist, Ergonomic Consultant, Ergonomics Consultant, Ergonomics Technical Advisor, Ergonomist, Human Factors Advisor, Human Factors Engineer, Occupational Ergonomist"
19-4044.00,Hydrologic Technicians,Technologists and Technicians,This title represents an occupation for which data collection is currently underway.
19-2043.00,Hydrologists,"Research, Development, Design, and Practitioners","Groundwater Consultant, Hydrogeologist, Hydrologist, Physical Scientist, Research Hydrologist, Scientist, Source Water Protection Specialist"
19-2041.03,Industrial Ecologists,"Research, Development, Design, and Practitioners","Ecologist, Environmental Consultant, Environmental Protection Agency Counselor, Research Scientist, Researcher"
17-3026.00,Industrial Engineering Technologists and Technicians,Technologists and Technicians,"Business Process Analyst, Engineering Technician, Industrial Engineering Analyst, Industrial Engineering Technician, Manufacturing Coordinator, Manufacturing Technology Analyst, Quality Control Engineering Technician (QC Engineering Technician), Quality Management Coordinator, Quality Technician, Service Technician"
17-2112.00,Industrial Engineers,"Research, Development, Design, and Practitioners","Continuous Improvement Engineer, Engineer, Facilities Engineer, Industrial Engineer, Operations Engineer, Plant Engineer, Process Engineer, Project Engineer, Quality Engineer, Research and Development Engineer (R and D Engineer)"
19-3032.00,Industrial-Organizational Psychologists,"Research, Development, Design, and Practitioners","Consulting Psychologist, Industrial Psychologist, Industrial/Organizational Psychologist (I/O Psychologist), Management Consultant, Organizational Consultant, Organizational Development Consultant (OD Consultant), Organizational Psychologist, Research Scientist"
15-1212.00,Information Security Analysts,"Research, Development, Design, and Practitioners","Information Security Officer, Information Security Specialist, Information Systems Security Analyst, Information Systems Security Officer (ISSO), Information Technology Security Analyst (IT Security Analyst), Network Security Analyst, Security Analyst, Systems Analyst"
15-1299.05,Information Security Engineers,"Research, Development, Design, and Practitioners; Technologists and Technicians",This title represents an occupation for which data collection is currently underway.
15-1299.09,Information Technology Project Managers,"Research, Development, Design, and Practitioners; Technologists and Technicians","Cloud Product Director, Cybersecurity Project Manager, Data Center Product Director, Information Systems Project Manager (IS Project Manager), IT Manager (Information Technology Manager), IT Program Manager (Information Technology Program Manager), IT Project Manager (Information Technology Project Manager), Scrum Master, Transition Program Manager"
17-1012.00,Landscape Architects,"Research, Development, Design, and Practitioners","AP BD+C (Accredited Professional in Building Design and Construction), Architect, Golf Course Architect, Land Planner, Landscape Architect, Landscape Designer, Landscape Planner, Park Planner, Planner, Professional Landscape Architect (PLA)"
29-2061.00,Licensed Practical and Licensed Vocational Nurses,Technologists and Technicians,"Charge Nurse, Clinic Licensed Practical Nurse (Clinic LPN), Clinic Nurse, Home Health Licensed Practical Nurse (Home Health LPN), Licensed Vocational Nurse (LVN), Office Nurse, Pediatric LPN (Pediatric Licensed Practical Nurse), Private Duty Nurse, Radiation Oncology Nurse, Triage LPN (Triage Licensed Practical Nurse)"
19-1099.00,"Life Scientists, All Other","Research, Development, Design, and Practitioners",
19-4099.00,"Life, Physical, and Social Science Technicians, All Other",Technologists and Technicians,
29-1122.01,"Low Vision Therapists, Orientation and Mobility Specialists, and Vision Rehabilitation Therapists","Research, Development, Design, and Practitioners","Certified Low Vision Therapist (CLVT), Certified Orientation and Mobility Specialist (COMS), Mobility Specialist, Orientation and Mobility Instructor (O and M Instructor), Orientation and Mobility Specialist (O and M Specialist), Rehabilitation Teacher, Rehabilitation Therapist, Students with Visual Impairments Teacher (TVI), Vision Rehabilitation Therapist (VRT), Visually Impaired Teacher (TVI)"
29-2035.00,Magnetic Resonance Imaging Technologists,Technologists and Technicians,"Magnetic Resonance Imaging Coordinator (MRI Coordinator), Magnetic Resonance Imaging Quality Assurance Coordinator (MRI Quality Assurance Coordinator), MRI Specialist (Magnetic Resonance Imaging Specialist), MRI Technologist (Magnetic Resonance Imaging Technologist)"
17-2112.03,Manufacturing Engineers,"Research, Development, Design, and Practitioners","Facility Engineer, Manufacturing Engineer, Plant Engineer, Process Engineer, Process Improvement Engineer"
17-2121.00,Marine Engineers and Naval Architects,"Research, Development, Design, and Practitioners","Marine Architect, Marine Design Engineer, Marine Engineer, Marine Engineering Consultant, Marine Structural Designer, Marine Surveyor, Naval Architect, Naval Architect Specialist, Ships Equipment Engineer, Structural Engineer"
17-2131.00,Materials Engineers,"Research, Development, Design, and Practitioners","Extrusion Engineer, Materials Development Engineer, Materials Engineer, Materials Research Engineer, Metallurgical Engineer, Metallurgist, Research Engineer, Test Engineer"
19-2032.00,Materials Scientists,"Research, Development, Design, and Practitioners","Materials Scientist, Micro Electrical/Mechanical Systems Device Scientist (MEMS Device Scientist), Polymer Materials Consultant, Research and Development Scientist (R and D Scientist), Research Scientist, Scientist"
15-2099.00,"Mathematical Science Occupations, All Other","Research, Development, Design, and Practitioners; Technologists and Technicians","""All Other"" titles represent occupations with a wide range of characteristics which do not fit into one of the detailed O*NET-SOC occupations. O*NET data is not available for this type of title.  For more detailed occupations under this title, see below."
25-1022.00,"Mathematical Science Teachers, Postsecondary",Postsecondary Teaching,"Adjunct Mathematics Instructor, Assistant Professor, Associate Professor, Instructor, Math Teacher, Mathematical Sciences Professor, Mathematics Instructor (Math Instructor), Mathematics Lecturer, Mathematics Professor, Professor"
15-2021.00,Mathematicians,"Research, Development, Design, and Practitioners","Computational Mathematician, Computational Scientist, Cryptographer, Cryptographic Vulnerability Analyst, Image Scientist, Knowledge Engineer, Mathematician, Research Computing Specialist, Research Scientist, Researcher"
17-3013.00,Mechanical Drafters,Technologists and Technicians,"CAD Designer (Computer Aided Design Designer), CAD Operator (Computer Aided Design Operator), Design Drafter, Drafter, Drafting Technician, Mechanical Designer, Mechanical Drafter, Product Designer, Project Designer"
17-3027.00,Mechanical Engineering Technologists and Technicians,Technologists and Technicians,"Engineering Lab Technician, Engineering Technical Analyst, Engineering Technologist, Laboratory Technician, Maintenance Technician, Mechanical Designer, Mechanical Technician, Process Engineering Technician, Process Technician, Research and Development Technician"
17-2141.00,Mechanical Engineers,"Research, Development, Design, and Practitioners","Application Engineer, Design Engineer, Design Maintenance Engineer, Equipment Engineer, Mechanical Design Engineer, Mechanical Engineer, Process Engineer, Product Engineer, Project Engineer, Test Engineer"
17-2199.05,Mechatronics Engineers,"Research, Development, Design, and Practitioners","Automation Engineer, Automation Specialist, Controls Engineer, Design Engineer, Development Engineer, Engineer, Equipment Engineer, Project Engineer"
29-2012.00,Medical and Clinical Laboratory Technicians,Technologists and Technicians,"Certified Clinical Laboratory Technician, Clinical Laboratory Technician (Clinical Lab Technician), Laboratory Assistant (Lab Assistant), Laboratory Technician (Lab Tech), Medical Laboratory Technician (MLT), Medical Laboratory Technicians (Medical Lab Technician), Medical Technician"
29-2011.00,Medical and Clinical Laboratory Technologists,Technologists and Technicians,"Clinical Laboratory Scientist (CLS), Clinical Laboratory Technologist, Histologist Technologist, Medical Laboratory Technologist (Medical Lab Tech), Medical Technologist (MT), Microbiology Technologist"
11-9111.00,Medical and Health Services Managers,Managerial,"Clinical Director, Health Information Management Corporate Director, Health Information Management Director, Health Manager, Mental Health Program Manager, Nurse Manager, Nursing Director"
29-2036.00,Medical Dosimetrists,Technologists and Technicians,This title represents an occupation for which data collection is currently underway.
29-2072.00,Medical Records Specialists,Technologists and Technicians,"Coder, Health Information Clerk, Health Information Specialist, Health Information Technician (Health Information Tech), Medical Records Clerk, Medical Records Coordinator, Medical Records Technician (Medical Records Tech), Registered Health Information Technician (RHIT)"
19-1042.00,"Medical Scientists, Except Epidemiologists","Research, Development, Design, and Practitioners","Clinical Laboratory Scientist (Clinical Lab Scientist), Clinical Pharmacologist, Clinical Research Scientist, Medical Researcher, Physician Scientist, Research Scientist, Researcher, Scientist, Study Director, Toxicologist"
19-1022.00,Microbiologists,"Research, Development, Design, and Practitioners","Bacteriologist, Clinical Laboratory Scientist, Clinical Microbiologist, Microbiological Analyst, Microbiologist, Quality Control Microbiologist (QC Microbiologist)"
17-2199.06,Microsystems Engineers,"Research, Development, Design, and Practitioners","Control Systems Engineer, MEMS Integration Engineer (Microelectrical Mechanical Integration Engineer), Microsystems Engineer, Process Engineer, Product Design Engineer, Project Design Engineer, Project Engineer, Radio Frequency Design Engineer (RF Design Engineer), System Engineer, Systems Engineer"
29-9099.01,Midwives,"Research, Development, Design, and Practitioners; Technologists and Technicians","Birth Center Midwife, Certified Direct-Entry Midwife, Certified Professional Midwife (CPM), Homebirth Midwife, Lay Midwife, Licensed and Certified Midwife, Licensed Certified Professional Midwife, Licensed Direct Entry Midwife, Licensed Midwife (LM)"
17-2151.00,"Mining and Geological Engineers, Including Mining Safety Engineers","Research, Development, Design, and Practitioners","Mine Engineer, Mining Consultant, Mining Engineer, Planning Engineer, Project Engineer, Safety Engineer, Safety Representative"
19-1029.02,Molecular and Cellular Biologists,"Research, Development, Design, and Practitioners","Molecular Biologist, Research Scientist"
29-1129.02,Music Therapists,"Research, Development, Design, and Practitioners","Board Certified Music Therapist (MT-BC), LCAT (Licensed Creative Arts Therapist), Music Therapist, Neurologic Music Therapist, Public School System Music Therapist, Therapist"
17-2199.09,Nanosystems Engineers,"Research, Development, Design, and Practitioners",
17-3026.01,Nanotechnology Engineering Technologists and Technicians,Technologists and Technicians,"Engineering Technician, Laboratory Technician (Lab Technician), Nanofabrication Specialist, Process Engineering Technician, Research Associate, Research Scientist, Research Specialist, Research Technician, Scientific Research Associate, Technical Research Scientist"
11-9121.00,Natural Sciences Managers,Managerial,"Analytical Services Manager, Chemical Engineer Supervisor, Chemical Process Exploration Manager, Environmental Program Manager, Lab Manager (Laboratory Manager), Natural Sciences Manager, Research Administrator, Research and Development Director (R and D Director), Research Manager, Water Team Leader"
29-1299.01,Naturopathic Physicians,"Research, Development, Design, and Practitioners","Doctor (Dr), Naturopathic Doctor, Naturopathic Endocrinologist, Naturopathic Medicine Doctor, Naturopathic Oncologist, Naturopathic Oncology Provider, Physician"
15-1244.00,Network and Computer Systems Administrators,"Research, Development, Design, and Practitioners","Information Analyst, Information Systems Manager (IS Manager), Information Technology Specialist (IT Specialist), LAN Specialist (Local Area Network Specialist), Local Area Network Administrator (LAN Administrator), Network Administrator, Network Coordinator, Network Manager, Systems Administrator"
29-2099.01,Neurodiagnostic Technologists,Technologists and Technicians,"Certified Neurodiagnostic Technologist, Electroneurodiagnostic Technologist, Neurodiagnostic Technologist, Registered Electroneurodiagnostic Technologist, Registered Polysomnographic Technologist"
29-1217.00,Neurologists,"Research, Development, Design, and Practitioners","Adult and Pediatric Neurologist, Adult Neurologist, General Neurologist, Neurologist, Pediatric Neurologist, Physician"
19-3039.02,Neuropsychologists,"Research, Development, Design, and Practitioners","Aviation Neuropsychologist, Neuropsychologist, Neuropsychology Medical Consultant, Pediatric Neuropsychologist, Staff Psychologist"
17-3029.01,Non-Destructive Testing Specialists,Technologists and Technicians,"Industrial Radiographer, Non-Destructive Evaluation Technician (NDE Technician), Non-Destructive Testing Specialist (NDT Specialist), Non-Destructive Testing Technician (NDT Technician)"
17-2161.00,Nuclear Engineers,"Research, Development, Design, and Practitioners","Engineer, Nuclear Design Engineer, Nuclear Engineer, Nuclear Licensing Engineer, Nuclear Process Engineer, Nuclear Reactor Engineer, Radiological Engineer, System Engineer"
29-2033.00,Nuclear Medicine Technologists,Technologists and Technicians,"Certified Nuclear Medicine Technologist (CNMT), Nuclear Cardiology Technologist, Nuclear Medicine PET-CT Technologist (Nuclear Medicine Positron Emission Tomography - Computed Tomography Technologist), Nuclear Medicine Technologist (NMT), Radiation Safety Officer, Registered Nuclear Medicine Technologist, Staff Nuclear Medicine Technologist"
19-4051.02,Nuclear Monitoring Technicians,Technologists and Technicians,"Health Physics Technician (HP Tech), Nuclear Chemistry Technician, Radiation Control Technician (Radcon Technician), Radiation Protection Specialist (RP Specialist), Radiation Protection Technician (RPT), Radiation Technician, Radiochemical Technician"
19-4051.00,Nuclear Technicians,Technologists and Technicians,"Auxiliary Operator, Equipment Operator, Licensed Nuclear Operator, Non-Licensed Nuclear Equipment Operator (NLO), Non-Licensed Nuclear Plant Operator (NLO), Nuclear Auxiliary Operator, Nuclear Equipment Operator (NEO), Nuclear Plant Equipment Operator (NAPEO), Operations Technician, Systems Operator"
29-1151.00,Nurse Anesthetists,"Research, Development, Design, and Practitioners","Certified Registered Nurse Anesthetist (CRNA), Nurse Anesthetist, Staff Certified Registered Nurse Anesthetist (Staff CRNA), Staff Nurse Anesthetist"
29-1161.00,Nurse Midwives,"Research, Development, Design, and Practitioners","Certified Nurse Midwife (CNM), Certified Nurse-Midwife (CNM), Nurse Midwife, Staff Certified Nurse Midwife, Staff Nurse Midwife"
29-1171.00,Nurse Practitioners,"Research, Development, Design, and Practitioners","ACNP (Acute Care Nurse Practitioner), Adult Nurse Practitioner, Advanced Practice Registered Nurse (APRN), ARNP Specialist (Advanced Registered Nurse Practitioner Specialist), Family Nurse Practitioner (FNP), Family Practice Certified Advanced Registered Nurse Practitioner, Gastroenterology Nurse Practitioner, Nurse Practitioner (NP), Pediatric Nurse Practitioner (PNP), Women's Health Care Nurse Practitioner"
25-1072.00,"Nursing Instructors and Teachers, Postsecondary",Postsecondary Teaching,"Assistant Professor, Associate Professor, Clinical Nursing Instructor, Faculty Member, Instructor, Lecturer, Nurse Educator, Nursing Instructor, Nursing Professor, Professor"
29-1218.00,Obstetricians and Gynecologists,"Research, Development, Design, and Practitioners","Gynecologist, Medical Doctor (MD), OB/GYN (Obstetrician / Gynecologist), OB/GYN Physician (Obstetrics and Gynecology Physician), OBGYN MD (Obstetrics Gynecology Medical Doctor), Obstetrician/Gynecologist (OB/GYN), Obstetrics Gynecology Physician (OB/GYN Physician), Physician, Physician Gynecologist"
29-1122.00,Occupational Therapists,"Research, Development, Design, and Practitioners","Assistive Technology Trainer, Certified Hand Therapist (CHT), Early Intervention Occupational Therapist, Home Health Occupational Therapist, Industrial Rehabilitation Consultant, Occupational Therapist (OT), Pediatric Occupational Therapist (Pediatric OT), Pediatrics and Acute Care Occupational Therapist, Registered Occupational Therapist (OTR)"
15-2031.00,Operations Research Analysts,"Research, Development, Design, and Practitioners","Advanced Analytics Associate, Analytical Strategist, Decision Analyst, Operations Research Analyst, Optimization Analyst"
29-2057.00,Ophthalmic Medical Technicians,Technologists and Technicians,"Certified Ophthalmic Medical Technician (Certified Ophthalmic Medical Tech), Certified Ophthalmic Surgical Assistant, Certified Ophthalmic Technician (COT), Certified Ophthalmic Technician-Surgical Assistant (COT-SA), Health Technician (Health Tech), Ophthalmic Assistant, Ophthalmic Diagnostic Sonographer, Ophthalmic Medical Assistant, Ophthalmic Medical Technician (Ophthalmic Medical Tech), Ophthalmic Technician"
29-2099.05,Ophthalmic Medical Technologists,Technologists and Technicians,"Certified Diagnostic Ophthalmic Sonographer (CDOS), Certified Ophthalmic Medical Technologist (COMT), Ophthalmic Echographer, Ophthalmic Medical Technologist (Ophthalmic Medical Tech), Ophthalmic Photographer, Ophthalmic Sonographer, Ophthalmic Technologist (Ophthalmic Tech), Ophthalmic Ultrasonographer, Registered Ophthalmic Ultrasound Biometrist (ROUB), Surgical Coordinator"
29-1241.00,"Ophthalmologists, Except Pediatric","Research, Development, Design, and Practitioners","Comprehensive Ophthalmologist, General Ophthalmologist, Ophthalmologist, Ophthalmologist Specialist, Physician, Retina Subspecialist, Retinal Surgeon, Vitreo-Retinal Surgeon"
29-2081.00,"Opticians, Dispensing",Technologists and Technicians,"Certified Optician, Contact Lens Technician, Dispensing Optician, Licensed Dispensing Optician (LDO), Licensed Optician, Ophthalmic Dispenser, Optical Technician, Optician, Optometric Technician"
29-1041.00,Optometrists,"Research, Development, Design, and Practitioners","Optometrist, Optometry Doctor (OD), Therapeutic Optometrist"
29-1022.00,Oral and Maxillofacial Surgeons,"Research, Development, Design, and Practitioners","Doctor of Dental Surgery (DDS), Oral and Maxillofacial Surgeon (OMS), Oral Surgeon, Surgeon"
29-1023.00,Orthodontists,"Research, Development, Design, and Practitioners","Board Certified Orthodontist, Orthodontics and Dentofacial Orthopedics Specialist, Orthodontist"
29-1242.00,"Orthopedic Surgeons, Except Pediatric","Research, Development, Design, and Practitioners","General Surgeon, Hand Surgeon, Orthopaedic Surgeon, Orthopedic Surgeon, Physician, Surgeon"
29-1299.02,Orthoptists,"Research, Development, Design, and Practitioners","Certified Orthoptist, Clinical Orthoptist (CO), Orthoptist"
29-2091.00,Orthotists and Prosthetists,Technologists and Technicians,"Certified Orthotist (CO), Certified Pedorthist, Certified Prosthetist (CP), Certified Prosthetist and Orthotist (CPO), Certified Prosthetist Orthotist (CPO), Licensed Prosthetist and Orthotist (LPO), Orthotic Practitioner, Orthotist, Prosthetic Practitioner, Prosthetist"
29-2043.00,Paramedics,Technologists and Technicians,"First Responder, Flight Paramedic, Paramedic"
19-1031.03,Park Naturalists,"Research, Development, Design, and Practitioners","Environmental Education Specialist, Environmental Educator, Interpretive Naturalist, Naturalist, Park Activities Coordinator, Park Interpretive Specialist, Park Naturalist, Park Ranger, Program Production Specialist"
29-2099.08,Patient Representatives,Technologists and Technicians,"Access Representative, Admissions Coordinator, Case Manager, Medicaid Service Coordinator (MSC), Patient Access Coordinator, Patient Access Specialist, Patient Advocate, Patient Navigator, Patient Resource Worker, Patient Service Representative"
29-1243.00,Pediatric Surgeons,"Research, Development, Design, and Practitioners","Cardiovascular Surgeon, General Surgeon, Hand Surgeon, Physician, Plastic Surgeon, Surgeon, Thoracic Surgeon, Vascular Surgeon"
29-1221.00,"Pediatricians, General","Research, Development, Design, and Practitioners","Developmental Pediatrician, Emergency Room Pediatrician (ER Pediatrician), General Pediatrician, Group Practice Pediatrician, Medical Doctor (MD), Pediatric Emergency Medicine Physician, Pediatric Physician, Pediatrician, Physician, Primary Care Pediatrician"
15-1299.04,Penetration Testers,"Research, Development, Design, and Practitioners; Technologists and Technicians",This title represents an occupation for which data collection is currently underway.
17-2171.00,Petroleum Engineers,"Research, Development, Design, and Practitioners","Completion Engineer, Drilling Engineer, Engineer, Operations Engineer, Petroleum Engineer, Petroleum Production Engineer, Project Production Engineer, Project Reservoir Engineer, Reservoir Engineer, Reservoir Engineering Consultant"
29-1051.00,Pharmacists,"Research, Development, Design, and Practitioners","Clinical Pharmacist, Hospital Pharmacist, Pharmacist, Pharmacist in Charge (PIC), Pharmacy Informaticist, Registered Pharmacist, Staff Pharmacist"
29-2052.00,Pharmacy Technicians,Technologists and Technicians,"Accredited Pharmacy Technician, Certified Pharmacy Technician (CPhT), Chemotherapy Pharmacy Technician (Chemo Pharmacy Technician), Compounding Technician, OR Pharmacy Tech (Operating Room Pharmacy Tech), RPhT (Registered Pharmacy Technician)"
17-2199.07,Photonics Engineers,"Research, Development, Design, and Practitioners","Algorithm Developer, Laser Engineer, Optical Design Engineer, Optical Engineer, Optical Specialist, Optical Systems Engineer, Optoelectronics Engineer, Research and Development Engineer (R and D Engineer), Research Engineer"
17-3029.08,Photonics Technicians,Technologists and Technicians,"Fiber Optics Technician, Laser Technician, Optomechanical Technician, Photonic Laboratory Technician (Photonic Lab Tech), Photonics Technician, Ruling Technician"
29-1229.04,Physical Medicine and Rehabilitation Physicians,"Research, Development, Design, and Practitioners","MD (Medical Doctor), Medical Director Acute Rehabilitation Unit Physiatrist, Pain Management Physician, Pediatric Physiatrist, Physiatrist, Physical Medicine and Rehabilitation Physician (PM and R Physician), Physician, Rehabilitation Physician"
19-2099.00,"Physical Scientists, All Other","Research, Development, Design, and Practitioners",
29-1123.00,Physical Therapists,"Research, Development, Design, and Practitioners","Acute Care PT (Acute Care Physical Therapist), Doctor of Physical Therapy (DPT), Home Care Physical Therapist (Home Care PT), Inpatient Physical Therapist (Inpatient PT), Outpatient Physical Therapist (Outpatient PT), Pediatric Physical Therapist (Pediatric PT), Registered Physical Therapist (RPT), Therapist"
29-1071.00,Physician Assistants,"Research, Development, Design, and Practitioners","Cardiology Physician Assistant, Certified Physician Assistant (PA-C), Emergency Medicine Physician Assistant (Emergency Medicine PA), Family Practice Physician Assistant, Orthopaedic Physician Assistant, Orthopedic Physician Assistant, Physician Assistant (PA), Physician's Assistant, Surgical Critical Care Physician Assistant (Surgical Critical Care PA), Surgical Physician Assistant (Surgical PA)"
29-1229.00,"Physicians, All Other","Research, Development, Design, and Practitioners",
29-1222.00,"Physicians, Pathologists","Research, Development, Design, and Practitioners","Anatomic Pathologist, Cytopathologist, Dermatopathologist, Forensic Pathologist, Hematopathologist, Neuropathologist, Oral Pathologist, Pathologist, Surgical Pathologist"
19-2012.00,Physicists,"Research, Development, Design, and Practitioners","Biophysics Scientist, Health Physicist, Medical Physicist, Physicist, Research Consultant, Research Physicist, Research Scientist, Scientist"
25-1054.00,"Physics Teachers, Postsecondary",Postsecondary Teaching,"Adjunct Professor, Assistant Professor, Associate Professor, Instructor, Physical Science Professor, Physics Instructor, Physics Lecturer, Physics Professor, Professor, Science Instructor"
29-1081.00,Podiatrists,"Research, Development, Design, and Practitioners","Doctor of Podiatric Medicine (DPM), Doctor Podiatric Medicine (DPM), Foot and Ankle Surgeon, Podiatric Physician, Podiatric Surgeon, Podiatrist"
25-1065.00,"Political Science Teachers, Postsecondary",Postsecondary Teaching,"Adjunct Professor, Assistant Professor, Associate Professor, Faculty Member, Government Professor, Instructor, Political Science Instructor, Political Science Professor, Professor, Public Administration Professor"
19-3094.00,Political Scientists,"Research, Development, Design, and Practitioners",
19-4012.01,Precision Agriculture Technicians,Technologists and Technicians,"Crop Specialist, Independent Crop Consultant, Nutrient Management Specialist, Precision Agriculture Specialist (Precision Ag Specialist), Precision Farming Coordinator, Soil Fertility Specialist"
29-1229.05,Preventive Medicine Physicians,"Research, Development, Design, and Practitioners","Occupational Medicine Physician, Occupational Physician, Preventive Medicine Physician, Primary Clinician, Public Health Officer, Public Health Physician"
29-1024.00,Prosthodontists,"Research, Development, Design, and Practitioners","Dental Science Doctor, Doctor of Dental Surgery (DDS), Maxillofacial Prosthodontist, Prosthetic Dentist, Prosthodontist, Removable Prosthodontist"
29-2053.00,Psychiatric Technicians,Technologists and Technicians,"Behavioral Health Technician, Health Care Technician, Licensed Psychiatric Technician (LPT), Mental Health Assistant (MHA), Mental Health Associate, Mental Health Specialist, Mental Health Technician (MHT), Mental Health Worker, Psychiatric Technician (PT), Residential Aide (RA)"
29-1223.00,Psychiatrists,"Research, Development, Design, and Practitioners","Adult Psychiatrist, Child Psychiatrist, Consulting Psychiatrist, Medical Doctor (MD), Outpatient Psychiatrist, Prison Psychiatrist, Psychiatrist, Staff Psychiatrist"
19-3039.00,"Psychologists, All Other","Research, Development, Design, and Practitioners",
25-1066.00,"Psychology Teachers, Postsecondary",Postsecondary Teaching,"Adjunct Instructor, Assistant Professor, Associate Professor, Clinical Psychology Professor, Faculty Member, Instructor, Lecturer, Professor, Psychology Instructor, Psychology Professor"
19-4099.01,Quality Control Analysts,Technologists and Technicians,"Lab Analyst, Lab Technician (Lab Tech), Laboratory Analyst, Microbiology Lab Analyst, QA Auditor (Quality Assurance Auditor), QA Lab Tech (Quality Assurance Lab Technician), QA Tech (Quality Assurance Technician), Quality Control Analyst (QC Analyst), Quality Control Lab Technician (QC Lab Tech), Quality Control Technician (QC Tech)"
29-1124.00,Radiation Therapists,"Research, Development, Design, and Practitioners","Computed Tomography Simulation Therapist (CT Simulation Therapist), Dosimetrist, Medical Dosimetrist, Radiation Therapist (RT), Radiation Therapy Technologist (RTT), Registered Radiation Therapist, Staff Radiation Therapist"
17-2072.01,Radio Frequency Identification Device Specialists,"Research, Development, Design, and Practitioners","Deployment Engineer, Electro Magnetic Compatibility Test Engineer, RFID Engineer (Radio Frequency Identification Device Engineer), RFID Systems Engineer (Radio Frequency Identification Device Systems Engineer), Technical Support Engineer"
29-2034.00,Radiologic Technologists and Technicians,Technologists and Technicians,"Computed Tomography Technologist (CT Technologist), Mammographer, Radiographer, Radiological Technologist, Radiology Technician (Radiology Tech), Radiology Technologist, Registered Radiographer, X-Ray Technician (X-Ray Tech), X-Ray Technologist (X-Ray Tech)"
29-1224.00,Radiologists,"Research, Development, Design, and Practitioners","Diagnostic Radiologist, Interventional Neuroradiologist, Interventional Radiologist, Neuroradiologist, Nuclear Medicine Physician, Nuclear Medicine Specialist, Physician, Radiologist"
19-1031.02,Range Managers,"Research, Development, Design, and Practitioners","Conservationist, Land Management Supervisor, Natural Resource Manager, Natural Resource Specialist, Range Management Specialist, Range Technician, Rangeland Management Specialist, Rangeland Technician, Refuge Manager, Resource Manager"
29-1125.00,Recreational Therapists,"Research, Development, Design, and Practitioners","Activity Coordinator, Certified Therapeutic Recreation Specialist (CTRS), General Activities Therapist, Recreation Therapist, Recreational Therapist, Rehabilitation Therapist, Therapeutic Recreation Specialist"
29-1141.00,Registered Nurses,"Research, Development, Design, and Practitioners","Certified Operating Room Nurse (CNOR), Charge Nurse, Emergency Department RN (Emergency Department Registered Nurse), Oncology RN (Oncology Registered Nurse), Operating Room Registered Nurse (OR RN), Psychiatric RN (Psychiatric Registered Nurse), Relief Charge Nurse, School Nurse, Staff Nurse, Staff RN (Staff Registered Nurse)"
19-2099.01,Remote Sensing Scientists and Technologists,"Research, Development, Design, and Practitioners","Data Analytics Scientist, Geospatial Intelligence Analyst, Remote Sensing Analyst, Remote Sensing Scientist, Research Scientist, Scientist, Sensor Specialist"
19-4099.03,Remote Sensing Technicians,Technologists and Technicians,"Digital Cartographic Technician, Geospatial Extractor, Meteorologist Liaison, Research Associate"
29-1126.00,Respiratory Therapists,"Research, Development, Design, and Practitioners","Cardiopulmonary Rehabilitation Respiratory Therapist, Certified Respiratory Therapist (CRT), Registered Respiratory Therapist (RRT), Respiratory Care Practitioner (RCP), Respiratory Therapist (RT), Staff Respiratory Therapist, Staff Therapist"
17-2199.08,Robotics Engineers,"Research, Development, Design, and Practitioners","Automation Engineer, Autonomous Vehicle Design Engineer, Design Engineer, Factory Automations Engineer, Research Engineer, Robotic Systems Engineer"
17-3024.01,Robotics Technicians,Technologists and Technicians,"Automation Technician, Electrical and Instrumentation Technician (E and I Technician), Instrument and Automation Technician, Instrument Specialist, Instrument Technician, Instrumentation and Controls Technician, Instrumentation and Process Controls Technician, Process Control Technician, Programmable Logic Controllers Technician"
41-9031.00,Sales Engineers,Sales,"Product Sales Engineer, Sales Engineer, Technical Sales Engineer"
41-4011.00,"Sales Representatives, Wholesale and Manufacturing, Technical and Scientific Products",Sales,"Inside Sales Representative, Marketing Representative, Sales Representative"
19-3034.00,School Psychologists,"Research, Development, Design, and Practitioners","Autism Consultant, Bilingual School Psychologist, Challenging Behavior Consultant, Consulting Psychologist, Early Intervention School Psychologist, Educational Diagnostician, Learning Consultant, Psychologist, School Psychologist, School Psychometrist"
19-4061.00,Social Science Research Assistants,Technologists and Technicians,"Clinical Research Assistant, Graduate Assistant, Graduate Research Assistant, Research Aide, Research Assistant, Research Associate, Research Technician, Social Research Assistant"
25-1069.00,"Social Sciences Teachers, Postsecondary, All Other",Postsecondary Teaching,
19-3099.00,"Social Scientists and Related Workers, All Other","Research, Development, Design, and Practitioners",
19-3041.00,Sociologists,"Research, Development, Design, and Practitioners","Research Associate, Research Coordinator, Research Scientist, Research Specialist, Social Scientist, Sociologist"
25-1067.00,"Sociology Teachers, Postsecondary",Postsecondary Teaching,"Adjunct Instructor, Assistant Professor, Associate Professor, Faculty Member, Instructor, Lecturer, Professor, Social Science Instructor, Sociology Instructor, Sociology Professor"
15-1252.00,Software Developers,"Research, Development, Design, and Practitioners","Application Developer, Application Integration Engineer, Developer, Infrastructure Engineer, Network Engineer, Software Architect, Software Developer, Software Development Engineer, Software Engineer, Systems Engineer"
15-1253.00,Software Quality Assurance Analysts and Testers,"Research, Development, Design, and Practitioners","Application Integration Engineer, Computer Consultant, Information Technology Analyst (IT Analyst), Product Assurance Engineer, Quality Assurance Analyst (QA Analyst), Software Quality Assurance Engineer (SQA Engineer), Software Quality Engineer, Software Test Engineer, Systems Engineer, Test Engineer"
19-1013.00,Soil and Plant Scientists,"Research, Development, Design, and Practitioners","Agronomist, Arboriculture Researcher, Crop Nutrition Scientist, Forage Physiologist, Horticulture Specialist, Plant Physiologist, Plant Research Geneticist, Research Scientist, Research Soil Scientist, Scientist"
17-2199.11,Solar Energy Systems Engineers,"Research, Development, Design, and Practitioners","Consulting Engineer, Distributed Energy Systems Consultant, Field Engineer, Power Systems Engineer, Research Engineer, Solar Engineer"
41-4011.07,Solar Sales Representatives and Assessors,Sales,"Energy Consultant, Sales Associate, Sales Representative, Salesman, Solar Consultant, Solar Sales Representative"
29-1127.00,Speech-Language Pathologists,"Research, Development, Design, and Practitioners","Bilingual Speech-Language Pathologist, Communication Specialist, Educational Speech-Language Clinician, Speech and Hearing Handicapped Teacher, Speech and Language Clinician, Speech and Language Specialist, Speech and Language Therapist, Speech Pathologist, Speech Therapist, Speech-Language Pathologist (SLP)"
29-1229.06,Sports Medicine Physicians,"Research, Development, Design, and Practitioners","Athletic Team Physician, Nonsurgical Primary Care Sports Medicine Physician, Orthopedic Team Physician, Physician, Sports Medicine Physician, Team Physician"
15-2041.00,Statisticians,"Research, Development, Design, and Practitioners","Demographer, Mathematical Statistician, Psychometric Consultant, Quantitative Methodologist, Research Scientist, Researcher, Statistical Analyst, Statistical Consultant, Statistical Reporting Analyst, Statistician"
29-1249.00,"Surgeons, All Other","Research, Development, Design, and Practitioners",
29-9093.00,Surgical Assistants,"Research, Development, Design, and Practitioners","Certified First Assistant (CFA), Certified Registered Nurse First Assistant (CRNFA), Certified Surgical Assistant (CSA), Certified Surgical First Assistant (CSFA), Certified Surgical Technician, Gastrointestinal Technician (GI Technician), Registered Nurse First Assistant (RNFA), Surgical First Assistant, Surgical Scrub Technician (Surgical Scrub Tech), Surgical Technician (Surgical Tech)"
29-2055.00,Surgical Technologists,Technologists and Technicians,"Certified Surgical Technician, Certified Surgical Technologist (CST), Operating Room Surgical Technician (OR St), Operating Room Technician (OR Tech), Operating Room Technologist (OR Tech), Surgical Scrub Technician, Surgical Scrub Technologist (Surgical Scrub Tech), Surgical Technician, Surgical Technologist (Surgical Tech)"
19-3022.00,Survey Researchers,"Research, Development, Design, and Practitioners","Data Analyst, Field Interviewer, Market Survey Representative, Methodologist, Public Opinion Analyst, Research Associate, Research Fellow, Research Interviewer, Survey Research Consultant, Telephone Interviewer"
17-3031.00,Surveying and Mapping Technicians,Technologists and Technicians,"Aerotriangulation Specialist, Engineering Technician, Geospatial Analyst, Mapping Editor, Mapping Technician, Photogrammetric Compilation Specialist, Photogrammetric Technician, Stereoplotter Operator, Survey Technician, Tax Map Technician"
17-1022.00,Surveyors,Technologists and Technicians,"City Surveyor, County Surveyor, Land Surveyor, Mine Surveyor, Registered Land Surveyor, Surveyor"
15-1241.01,Telecommunications Engineering Specialists,"Research, Development, Design, and Practitioners","Communications Engineer, Engineer, Infrastructure Engineer, Network Engineer, Registered Communications Distribution Designer (RCDD), Telecommunication Design Analyst (Telecom Design Analyst), Telecommunication Design Engineer (Telecom Design Engineer), Telecommunication Engineer (Telecom Engineer), Telecommunication Systems Designer (Telecom Systems Designer), Telecommunications Consultant (Telecom Consultant)"
29-1129.00,"Therapists, All Other","Research, Development, Design, and Practitioners","""All Other"" titles represent occupations with a wide range of characteristics which do not fit into one of the detailed O*NET-SOC occupations. O*NET data is not available for this type of title.  For more detailed occupations under this title, see below."
17-2051.01,Transportation Engineers,"Research, Development, Design, and Practitioners","Engineer, Project Engineer, Rail Engineer, Roadway Designer, Roadway Engineer, Traffic Engineer, Traffic Operations Engineer, Transportation Engineer"
19-3099.01,Transportation Planners,"Research, Development, Design, and Practitioners","Planner, Transportation Analyst, Transportation Planner"
19-3051.00,Urban and Regional Planners,"Research, Development, Design, and Practitioners","City Planner, Community Development Planner, Community Planner, Development Technician, Housing Development Specialist, Neighborhood Planner, Planner, Planning Consultant, Planning Technician, Regional Planner"
29-1229.03,Urologists,"Research, Development, Design, and Practitioners","Acute Care Physician, MD (Medical Doctor), Physician, Urologic Surgeon, Urologist"
17-2112.02,Validation Engineers,"Research, Development, Design, and Practitioners","Corporate Quality Engineer, Product Quality Engineer, Quality Assurance Engineer, Quality Engineer, Quality Management Systems Engineer, Reliability Engineer, Supplier Quality Engineer, Validation Specialist"
29-1131.00,Veterinarians,"Research, Development, Design, and Practitioners","Companion Animal Practitioner, Doctor of Veterinary Medicine (DVM), Emergency Veterinarian (Emergency Vet), Large Animal Veterinarian (Large Animal Vet), Mixed Animal Veterinarian (Mixed Animal Vet), Small Animal Veterinarian (Small Animal Vet), Veterinary Medicine Doctor (DVM), Veterinary Surgeon (Vet Surgeon), Veterinary Surgical Specialist (Vet Surgical Specialist), Zoo Veterinarian (Zoo Vet)"
29-2056.00,Veterinary Technologists and Technicians,Technologists and Technicians,"Certified Veterinary Technician (CVT), Emergency Veterinary Technician (Emergency Vet Tech), Internal Medicine Veterinary Technician (Internal Medicine Vet Tech), Licensed Veterinary Technician (LVT), Registered Veterinary Technician (RVT), Veterinarian Technician (Vet Tech), Veterinary Laboratory Technician (Vet Lab Tech), Veterinary Nurse (Vet Nurse), Veterinary Technician (Vet Tech), Veterinary Technologist"
15-1255.01,Video Game Designers,"Research, Development, Design, and Practitioners","Design Director, Designer, Game Designer, Level Designer, World Designer"
11-9121.02,Water Resource Specialists,Managerial,Water Resources Planner
17-2051.02,Water/Wastewater Engineers,"Research, Development, Design, and Practitioners","Consulting Engineer, County Engineer, Engineer, Project Development Engineer"
15-1299.01,Web Administrators,"Research, Development, Design, and Practitioners; Technologists and Technicians","Corporate Webmaster, Web Administrator, Web Content Coordinator, Web Content Manager, Web Director, Web Manager, Web Site Manager, Web Technologies Administrator, Webmaster"
15-1255.00,Web and Digital Interface Designers,"Research, Development, Design, and Practitioners","Technology Applications Engineer, Web Architect, Web Design Specialist, Web Designer, Web Developer, Webmaster"
15-1254.00,Web Developers,"Research, Development, Design, and Practitioners","Technology Applications Engineer, Web Architect, Web Design Specialist, Web Designer, Web Developer, Webmaster"
17-2199.10,Wind Energy Engineers,"Research, Development, Design, and Practitioners","Engineer, Project Engineer, Turbine Measurements Engineer, Utility Engineer, Wind Energy Consultant, Wind Farm Siting and Development Consultant, Wind Turbine Design Engineer"
19-1023.00,Zoologists and Wildlife Biologists,"Research, Development, Design, and Practitioners","Aquatic Biologist, Conservation Resources Management Biologist, Fish and Wildlife Biologist, Fisheries Biologist, Fisheries Management Biologist, Habitat Biologist, Migratory Game Bird Biologist, Wildlife Biologist, Zoologist"
